external id;name;product type;available on pos;product cathegory;track inventory;price;is_pos_bom
PROD001;HUEVOS BENEDICTINOS CON SALMÓN AHUMADO;goods;VERDADERO;COMIDAS;VERDADERO;;VERDADERO
PROD002;HUEVOS BENEDICTINOS CON LOMO AHUMADO;goods;VERDADERO;COMIDAS;VERDADERO;;VERDADERO
PROD003;HUEVOS BENEDICTINOS CON JAMÓN CRUDO ;goods;VERDADERO;COMIDAS;VERDADERO;;VERDADERO
PROD004;HUEVOS BENEDICTINOS CON JAMÓN DE PAVO;goods;VERDADERO;COMIDAS;VERDADERO;;VERDADERO
PROD005;HUEVOS REVUELTOS SIMPLE;goods;VERDADERO;COMIDAS;VERDADERO;;VERDADERO
PROD006;HUEVOS REVUELTOS CON JAMÓN CRUDO;goods;VERDADERO;COMIDAS;VERDADERO;;VERDADERO
PROD007;HUEVOS REVUELTOS CON JAMÓN DE PAVO;goods;VERDADERO;COMIDAS;VERDADERO;;VERDADERO
PROD008;HUEVOS REVUELTOS CON JAMÓN Y QUESO;goods;VERDADERO;COMIDAS;VERDADERO;;VERDADERO
PROD009;HUEVOS REVUELTOS CON LOMO AHUMADO;goods;VERDADERO;COMIDAS;VERDADERO;;VERDADERO
PROD010;HUEVOS REVUELTOS CON PANCETA;goods;VERDADERO;COMIDAS;VERDADERO;;VERDADERO
PROD011;TOSTADAS FRANCESAS CON QUESO PARAGUAY, FRUTAS Y PANCETA;goods;VERDADERO;COMIDAS;VERDADERO;;VERDADERO
PROD012;SANDWICH DE CROISSANT DE JAMÓN Y QUESO;goods;VERDADERO;COMIDAS;VERDADERO;;VERDADERO
PROD013;SANDWICH DE CROISSANT DE HUEVOS REVUELTOS;goods;VERDADERO;COMIDAS;VERDADERO;;VERDADERO
PROD014;SANDWICH DE CROISSANT DE BONDIOLA;goods;VERDADERO;COMIDAS;VERDADERO;;VERDADERO
PROD015;CROISSANT DE QUESO;goods;VERDADERO;COMIDAS;VERDADERO;;VERDADERO
PROD016;CROISSANT JAMON DE PAVO Y QUESO;goods;VERDADERO;COMIDAS;VERDADERO;;VERDADERO
PROD017;CROISSANT DE JAMÓN Y QUESO;goods;VERDADERO;COMIDAS;VERDADERO;;VERDADERO
PROD018;MIXTO DE JAMÓN Y QUESO PAN LACTAL BLANCO;goods;VERDADERO;COMIDAS;VERDADERO;;VERDADERO
PROD019;MIXTO DE JAMÓN Y QUESO PAN LACTAL INTEGRAL;goods;VERDADERO;COMIDAS;VERDADERO;;VERDADERO
PROD020;MIXTO DE JAMÓN Y QUESO MASA MADRE;goods;VERDADERO;COMIDAS;VERDADERO;;VERDADERO
PROD021;MIXTO DE JAMÓN DE PAVO PAN LACTAL BLANCO;goods;VERDADERO;COMIDAS;VERDADERO;;VERDADERO
PROD022;MIXTO DE JAMÓN DE PAVO PAN LACTAL INTEGRAL;goods;VERDADERO;COMIDAS;VERDADERO;;VERDADERO
PROD023;MIXTO DE JAMÓN DE PAVO MASA MADRE;goods;VERDADERO;COMIDAS;VERDADERO;;VERDADERO
PROD024;MIXTO CAPRESSE PAN LACTAL BLANCO;goods;VERDADERO;COMIDAS;VERDADERO;;VERDADERO
PROD025;MIXTO CAPRESSE PAN LACTAL INTEGRAL;goods;VERDADERO;COMIDAS;VERDADERO;;VERDADERO
PROD026;MIXTO CAPRESSE MASA MADRE;goods;VERDADERO;COMIDAS;VERDADERO;;VERDADERO
PROD027;MBEJU MESTIZO;goods;VERDADERO;COMIDAS;VERDADERO;;VERDADERO
PROD028;MBEJU EXTRA QUESO;goods;VERDADERO;COMIDAS;VERDADERO;;VERDADERO
PROD029;MBEJU CAPRESSE;goods;VERDADERO;COMIDAS;VERDADERO;;VERDADERO
PROD030;MBEJU DE JAMÓN Y QUESO;goods;VERDADERO;COMIDAS;VERDADERO;;VERDADERO
PROD031;MBEJU DE QUESO AZUL;goods;VERDADERO;COMIDAS;VERDADERO;;VERDADERO
PROD032;CHIPITA MESTIZA;goods;VERDADERO;COMIDAS;VERDADERO;;VERDADERO
PROD033;NUGGETS CON PAPAS RUSTICAS;goods;VERDADERO;COMIDAS;VERDADERO;;VERDADERO
PROD034;SPAGHETTI CON JAMON Y QUESO;goods;VERDADERO;COMIDAS;VERDADERO;;VERDADERO
PROD035;SUPREMA GRILLADA CON ARROZ KESU;goods;VERDADERO;COMIDAS;VERDADERO;;VERDADERO
PROD036;SUPREMA GRILLADA CON ENSALADA;goods;VERDADERO;COMIDAS;VERDADERO;;VERDADERO
PROD037;SUPREMA GRILLADA CON PAPAS RÚSTICAS;goods;VERDADERO;COMIDAS;VERDADERO;;VERDADERO
PROD038;SUPREMA GRILLADA CON SPAGHETTI;goods;VERDADERO;COMIDAS;VERDADERO;;VERDADERO
PROD039;MEDALLONES DE LOMITO CON ARROZ KESU;goods;VERDADERO;COMIDAS;VERDADERO;;VERDADERO
PROD040;MEDALLONES DE LOMITO CON ENSALADA;goods;VERDADERO;COMIDAS;VERDADERO;;VERDADERO
PROD041;MEDALLONES DE LOMITO CON  SPAGHETTIS;goods;VERDADERO;COMIDAS;VERDADERO;;VERDADERO
PROD042;MEDALLONES DE LOMITO CON PAPAS RÚSTICAS;goods;VERDADERO;COMIDAS;VERDADERO;;VERDADERO
PROD043;SANDWICH GOURMET DE LOMITO CON FOCACCIA;goods;VERDADERO;COMIDAS;VERDADERO;;VERDADERO
PROD044;SANDWICH GOURMET DE LOMITO CON MASA MADRE;goods;VERDADERO;COMIDAS;VERDADERO;;VERDADERO
PROD045;SANDWICH GOURMET DE PAVO CON FOCACCIA;goods;VERDADERO;COMIDAS;VERDADERO;;VERDADERO
PROD046;SANDWICH GOURMET DE PAVO CON MASA MADRE;goods;VERDADERO;COMIDAS;VERDADERO;;VERDADERO
PROD047;SANDWICH GOURMET DE POLLO ASADO CON FOCACCIA;goods;VERDADERO;COMIDAS;VERDADERO;;VERDADERO
PROD048;SANDWICH GOURMET DE POLLO ASADO CON MASA MADRE;goods;VERDADERO;COMIDAS;VERDADERO;;VERDADERO
PROD049;SANDWICH GOURMET DE LOMITO CON PAN CIABATTA XL;goods;VERDADERO;COMIDAS;VERDADERO;;VERDADERO
PROD050;SANDWICH GOURMET DE PAVO CON PAN CIABATTA XL;goods;VERDADERO;COMIDAS;VERDADERO;;VERDADERO
PROD051;SANDWICH GOURMET DE POLLO CON PAN CIABATTA XL;goods;VERDADERO;COMIDAS;VERDADERO;;VERDADERO
PROD052;ENSALADA DE QUESO AZUL Y NUECES;goods;VERDADERO;COMIDAS;VERDADERO;;VERDADERO
PROD053;ENSALADA CAESAR DI MORA;goods;VERDADERO;COMIDAS;VERDADERO;;VERDADERO
PROD054;ENSALADA DE LA CASA;goods;VERDADERO;COMIDAS;VERDADERO;;VERDADERO
PROD055;PAPAS RUSTICAS HORNEADAS;goods;VERDADERO;COMIDAS;VERDADERO;;VERDADERO
PROD056;BRUSCHETTA DE HUEVOS REVUELTOS, RUCULA Y CHERRY;goods;VERDADERO;COMIDAS;VERDADERO;;VERDADERO
PROD057;BRUSCHETTA DE AGUACATE, RUCULA Y POCHE;goods;VERDADERO;COMIDAS;VERDADERO;;VERDADERO
PROD058;BRUSCHETTA DE TOMATES SECOS Y QUESO;goods;VERDADERO;COMIDAS;VERDADERO;;VERDADERO
PROD059;BRUSCHETTA DE ESPINACA CREMOSA CON HUEVO POCHE;goods;VERDADERO;COMIDAS;VERDADERO;;VERDADERO
PROD060;BRUSCHETTA CAPRESSE;goods;VERDADERO;COMIDAS;VERDADERO;;VERDADERO
PROD061;BRUSCHETTA DE HONGOS CREMOSOS CON QUESO AZUL;goods;VERDADERO;COMIDAS;VERDADERO;;VERDADERO
PROD062;BRUSCHETTA DE JAMÓN CRUDO, QUESO MORBIER Y FRUTOS ROJOS;goods;VERDADERO;COMIDAS;VERDADERO;;VERDADERO
PROD063;BRUSCHETTA FUSIÓN;goods;VERDADERO;COMIDAS;VERDADERO;;VERDADERO
PROD064;SANDWICH XXL POLLO;goods;VERDADERO;COMIDAS;VERDADERO;;VERDADERO
PROD065;PICADA GOURMET PARA 1 PERSONA;goods;VERDADERO;COMIDAS;VERDADERO;;VERDADERO
PROD066;PICADA GOURMET PARA 2 PERSONAS;goods;VERDADERO;COMIDAS;VERDADERO;;VERDADERO
PROD067;PICADA GOURMET PARA 3 PERSONAS;goods;VERDADERO;COMIDAS;VERDADERO;;VERDADERO
PROD068;TAPIOCA RELLENA CON HUEVOS REVUELTOS Y MUZZARELLA;goods;VERDADERO;COMIDAS;VERDADERO;;VERDADERO
PROD069;TAPIOCA RELLENA CON PALMITO Y HUEVO DURO;goods;VERDADERO;COMIDAS;VERDADERO;;VERDADERO
PROD070;SANDWICH PAN LACTAL INTEGRAL DE HUEVO DURO, LECHUGA Y TOMATE;goods;VERDADERO;COMIDAS;VERDADERO;;VERDADERO
PROD071;SANDWICH PAN LACTAL INTEGRAL DE JAMON, QUESO, LECHUGA Y TOMATE;goods;VERDADERO;COMIDAS;VERDADERO;;VERDADERO
PROD072;SANDWICH PAN LACTAL BLANCO DE JAMON, QUESO, LECHUGA Y TOMATE;goods;VERDADERO;COMIDAS;VERDADERO;;VERDADERO
PROD073;SANDWICH PAN LACTAL BLANCO DE HUEVO DURO, LECHUGA Y TOMATE;goods;VERDADERO;COMIDAS;VERDADERO;;VERDADERO
PROD074;SANDWICH PAN DE MASA MADRE DE HUEVO DURO, LECHUGA Y TOMATE;goods;VERDADERO;COMIDAS;VERDADERO;;VERDADERO
PROD075;SANDWICH PAN DE MASA MADRE DE JAMON, QUESO, LECHUGA Y TOMATE;goods;VERDADERO;COMIDAS;VERDADERO;;VERDADERO
PROD076;TOSTADA DE MASA MADRE CON BANANA CARAMELIZADAS CON MIEL Y CANELA;goods;VERDADERO;COMIDAS;VERDADERO;;VERDADERO
PROD077;BOWL DE FRUTAS;goods;VERDADERO;COMIDAS;VERDADERO;;VERDADERO
PROD078;BOWL DE FRUTAS, GRANOLA Y MIEL;goods;VERDADERO;COMIDAS;VERDADERO;;VERDADERO
PROD079;CROISSANT CON CREMA PASTELERA;goods;VERDADERO;COMIDAS;VERDADERO;;VERDADERO
PROD080;CROISSANT CON DULCE DE LECHE;goods;VERDADERO;COMIDAS;VERDADERO;;VERDADERO
PROD081;CROISSANT CON GUAYABA;goods;VERDADERO;COMIDAS;VERDADERO;;VERDADERO
PROD082;CROISSANT CON NUTELLA;goods;VERDADERO;COMIDAS;VERDADERO;;VERDADERO
PROD083;WAFFLES CON CARAMELO;goods;VERDADERO;COMIDAS;VERDADERO;;VERDADERO
PROD084;WAFFLES CON NUTELLA;goods;VERDADERO;COMIDAS;VERDADERO;;VERDADERO
PROD085;WAFFLES CON DULCE DE LECHE;goods;VERDADERO;COMIDAS;VERDADERO;;VERDADERO
PROD086;WAFFLES CON FRUTA;goods;VERDADERO;COMIDAS;VERDADERO;;VERDADERO
PROD087;PICADA DE 220;goods;VERDADERO;COMIDAS;VERDADERO;;VERDADERO
PROD088;PICADA DE 280;goods;VERDADERO;COMIDAS;VERDADERO;;VERDADERO
PROD089;PICADA DE 320;goods;VERDADERO;COMIDAS;VERDADERO;;VERDADERO
PROD090;PICADA COMBINADA;goods;VERDADERO;COMIDAS;VERDADERO;;VERDADERO
PROD091;PICADA DE 550 EXTRA GRANDE;goods;VERDADERO;COMIDAS;VERDADERO;;VERDADERO
PROD092;BRUSCHETTA DE RES;goods;VERDADERO;COMIDAS;VERDADERO;;VERDADERO
PROD093;SANDWICH CAPRESSE CON MUZZA NORMAL PAN DE LA CASA BLANCO;goods;VERDADERO;COMIDAS;VERDADERO;;VERDADERO
PROD094;SANDWICH CAPRESSE CON PAN KETO MUZZA NORMAL;goods;VERDADERO;COMIDAS;VERDADERO;;VERDADERO
PROD095;CROQUE MONSEIUR;goods;VERDADERO;COMIDAS;VERDADERO;;VERDADERO
PROD096;CROQUE MADAME;goods;VERDADERO;COMIDAS;VERDADERO;;VERDADERO
PROD097;CAPRESSE GRILLED;goods;VERDADERO;COMIDAS;VERDADERO;;VERDADERO
PROD098;SANDWICH POLLO Y PANCETA PAN DE LA CASA BLANCO;goods;VERDADERO;COMIDAS;VERDADERO;;VERDADERO
PROD099;SANDWICH POLLO Y PANCETA PAN DE MASA MADRE;goods;VERDADERO;COMIDAS;VERDADERO;;VERDADERO
PROD100;SANDWICH POLLO Y PANCETA PAN KETO;goods;VERDADERO;COMIDAS;VERDADERO;;VERDADERO
PROD101;SANDWICH DE LOMO AHUMADO DE LA CASA CON PAN DE LA CASA BLANCO;goods;VERDADERO;COMIDAS;VERDADERO;;VERDADERO
PROD102;SANDWICH DE LOMO AHUMADO DE LA CASA CON PAN DE MASA MADRE;goods;VERDADERO;COMIDAS;VERDADERO;;VERDADERO
PROD103;SANDWICH DE JAMÓN CRUDO ARTESANAL CON PAN DE LA CASA BLANCO;goods;VERDADERO;COMIDAS;VERDADERO;;VERDADERO
PROD104;SANDWICH DE JAMÓN CRUDO ARTESANAL CON PAN DE MASA MADRE;goods;VERDADERO;COMIDAS;VERDADERO;;VERDADERO
PROD105;SANDWICH DE JAMÓN DE PAVO CON PAN DE LA CASA BLANCO;goods;VERDADERO;COMIDAS;VERDADERO;;VERDADERO
PROD106;SANDWICH DE JAMÓN DE PAVO CON PAN BAGUETTE MASA MADRE;goods;VERDADERO;COMIDAS;VERDADERO;;VERDADERO
PROD107;SANDWICH DE SALMÓN AHUMADO CON PAN DE LA CASA BLANCO;goods;VERDADERO;COMIDAS;VERDADERO;;VERDADERO
PROD108;SANDWICH DE SALMÓN AHUMADO CON PAN DE MASA MADRE;goods;VERDADERO;COMIDAS;VERDADERO;;VERDADERO
PROD109;SANDWICH CAPRESSE CON PAN DE LA CASA BLANCO;goods;VERDADERO;COMIDAS;VERDADERO;;VERDADERO
PROD110;SANDWICH CAPRESSE CON PAN DE MASA MADRE;goods;VERDADERO;COMIDAS;VERDADERO;;VERDADERO
PROD111;SANDWICH DE TOMATES SECOS Y QUESO CON PAN DE LA CASA BLANCO;goods;VERDADERO;COMIDAS;VERDADERO;;VERDADERO
PROD112;SANDWICH DE TOMATES SECOS Y QUESO CON PAN DE MASA MADRE;goods;VERDADERO;COMIDAS;VERDADERO;;VERDADERO
PROD113;SANDWICH DE QUESO AZUL Y NUECES CON PAN DE LA CASA BLANCO;goods;VERDADERO;COMIDAS;VERDADERO;;VERDADERO
PROD114;SANDWICH DE QUESO AZUL Y NUECES CON PAN DE MASA MADRE;goods;VERDADERO;COMIDAS;VERDADERO;;VERDADERO
PROD115;SANDWICH DE HONGOS FRESCOS CON PAN DE LA CASA BLANCO;goods;VERDADERO;COMIDAS;VERDADERO;;VERDADERO
PROD116;SANDWICH DE HONGOS FRESCOS CON PAN DE MASA MADRE;goods;VERDADERO;COMIDAS;VERDADERO;;VERDADERO
PROD117;MILANESA DE CONTRAMUSLO CON ARROZ KESU;goods;VERDADERO;COMIDAS;VERDADERO;;VERDADERO
PROD118;MILANESA DE CONTRAMUSLO CON ENSALADA;goods;VERDADERO;COMIDAS;VERDADERO;;VERDADERO
PROD119;MILANESA DE CONTRAMUSLO CON PAPAS RÚSTICAS;goods;VERDADERO;COMIDAS;VERDADERO;;VERDADERO
PROD120;MILANESA DE CONTRAMUSLO CON SPAGHETTI;goods;VERDADERO;COMIDAS;VERDADERO;;VERDADERO
PROD121;PAN KETO;goods;VERDADERO;COMIDAS;VERDADERO;;VERDADERO
PROD122;HUEVOS ITALY;goods;VERDADERO;COMIDAS;VERDADERO;;VERDADERO
PROD123;HUEVOS VYRO CHUSCO;goods;VERDADERO;COMIDAS;VERDADERO;;VERDADERO
PROD124;CRACKERS CON SEMILLA;goods;VERDADERO;COMIDAS;VERDADERO;;VERDADERO
PROD125;OMELETTE SIMPLE;goods;VERDADERO;COMIDAS;VERDADERO;;VERDADERO
PROD126;OMELETTE CON JAMON CRUDO;goods;VERDADERO;COMIDAS;VERDADERO;;VERDADERO
PROD127;OMELETTE CON JAMÓN DE PAVO;goods;VERDADERO;COMIDAS;VERDADERO;;VERDADERO
PROD128;OMELETTE CON JAMÓN Y QUESO;goods;VERDADERO;COMIDAS;VERDADERO;;VERDADERO
PROD129;OMELETTE CON LOMO AHUMADO;goods;VERDADERO;COMIDAS;VERDADERO;;VERDADERO
PROD130;OMELETTE CON PANCETA;goods;VERDADERO;COMIDAS;VERDADERO;;VERDADERO
PROD131;TOSTADA DE QUESO CREMA, FRUTAS CLÁSICAS Y MIEL;goods;VERDADERO;COMIDAS;VERDADERO;;VERDADERO
PROD132;CHICKEN HOUSE;goods;VERDADERO;COMIDAS;VERDADERO;;VERDADERO
