External id;Name;Cost;Product cathegory;Track inventory;Price;Available on POS;Units
MP002;NUTELLA;"66,00 ";MATERIA PRIMA;TRUE;0;FALSE;g
MP004;ACEITUNA;"50,00 ";MATERIA PRIMA;TRUE;0;FALSE;g
MP005;HARINA DE CHIA;"30,00 ";MATERIA PRIMA;TRUE;0;FALSE;g
MP011;AGUJA CARNE;"33,00 ";MATERIA PRIMA;TRUE;0;FALSE;g
MP012;AJI MOLIDO PICANTE;"40,00 ";MATERIA PRIMA;TRUE;0;FALSE;g
MP013;AJI PICANTE;"100,00 ";MATERIA PRIMA;TRUE;0;FALSE;g
MP014;AJO;"45,00 ";MATERIA PRIMA;TRUE;0;FALSE;g
MP015;AJO EN POLVO;"80,00 ";MATERIA PRIMA;TRUE;0;FALSE;g
MP017;ALCAPARRAS;"270,00 ";MATERIA PRIMA;TRUE;0;FALSE;g
MP018;ALMENDRAS;"130,00 ";MATERIA PRIMA;TRUE;0;FALSE;g
MP019;ALMIDON DE MANDIOCA;"8,00 ";MATERIA PRIMA;TRUE;0;FALSE;g
MP020;ANIS;"67,30 ";MATERIA PRIMA;TRUE;0;FALSE;g
MP021;ANIS ESTRELLADO;"105,00 ";MATERIA PRIMA;TRUE;0;FALSE;g
MP023;ARROZ BLANCO TIPO 1;"8,80 ";MATERIA PRIMA;TRUE;0;FALSE;g
MP024;ARROZ CAZUELA;"12,00 ";MATERIA PRIMA;TRUE;0;FALSE;g
MP025;ARROZ PARA RISOTTO;"56,00 ";MATERIA PRIMA;TRUE;0;FALSE;g
MP026;ATUN;"88,00 ";MATERIA PRIMA;TRUE;0;FALSE;g
MP027;AVELLANA;"156,00 ";MATERIA PRIMA;TRUE;0;FALSE;g
MP028;AVENA ARROLLADA;"20,00 ";MATERIA PRIMA;TRUE;0;FALSE;g
MP029;AVENA SIN GLUTEN;"42,00 ";MATERIA PRIMA;TRUE;0;FALSE;g
MP030;AZUCAR BLANCA;"7,20 ";MATERIA PRIMA;TRUE;0;FALSE;g
MP031;AZUCAR DE COCO;"65,00 ";MATERIA PRIMA;TRUE;0;FALSE;g
MP032;AZUCAR IMPALPABLE;"14,00 ";MATERIA PRIMA;TRUE;0;FALSE;g
MP033;AZUCAR MORENA;"15,00 ";MATERIA PRIMA;TRUE;0;FALSE;g
MP035;BATATA;"8,50 ";MATERIA PRIMA;TRUE;0;FALSE;g
MP036;BERENJENAS;"12,00 ";MATERIA PRIMA;TRUE;0;FALSE;g
MP037;BICARBINATO DE SODIO;"13,50 ";MATERIA PRIMA;TRUE;0;FALSE;g
MP038;BOLDO SECO;"45,00 ";MATERIA PRIMA;TRUE;0;FALSE;g
MP039;BONDIOLA AHUMADA;"88,00 ";MATERIA PRIMA;TRUE;0;FALSE;g
MP040;BROCOLI;"20,00 ";MATERIA PRIMA;TRUE;0;FALSE;g
MP041;KURATU;;MATERIA PRIMA;TRUE;0;FALSE;g
MP043;CACAO 100% POLVO;"164,00 ";MATERIA PRIMA;TRUE;0;FALSE;g
MP045;CAFE ANTILLAS;"220,00 ";MATERIA PRIMA;TRUE;0;FALSE;g
MP046;CAFE BLEND ESPRESSO TOTEM;"220,00 ";MATERIA PRIMA;TRUE;0;FALSE;g
MP047;CAFE BLEND SOROCABANA TOTEM;"240,00 ";MATERIA PRIMA;TRUE;0;FALSE;g
MP048;CAFE DEUX DARK;"220,00 ";MATERIA PRIMA;TRUE;0;FALSE;g
MP049;CAFE DEUX MEDIUM;"220,00 ";MATERIA PRIMA;TRUE;0;FALSE;g
MP050;CAFE GEISHA TOTEM;"400,00 ";MATERIA PRIMA;TRUE;0;FALSE;g
MP051;CAFE LAPACHO TOTEM;"320,00 ";MATERIA PRIMA;TRUE;0;FALSE;g
MP052;CAFE QUINTO ESPRESSO;"220,00 ";MATERIA PRIMA;TRUE;0;FALSE;g
MP053;CALABAZA;"12,00 ";MATERIA PRIMA;TRUE;0;FALSE;g
MP054;CANELA EN POLVO;"60,00 ";MATERIA PRIMA;TRUE;0;FALSE;g
MP055;CANELA EN RAMA;"108,00 ";MATERIA PRIMA;TRUE;0;FALSE;g
MP057;CARDAMOMO;"540,00 ";MATERIA PRIMA;TRUE;0;FALSE;g
MP058;CARNE BOLA DE LOMO;"65,00 ";MATERIA PRIMA;TRUE;0;FALSE;g
MP059;CASTAÑA DE CAJU;"140,00 ";MATERIA PRIMA;TRUE;0;FALSE;g
MP060;CEBOLLA BLANCA;"5,00 ";MATERIA PRIMA;TRUE;0;FALSE;g
MP061;CEBOLLA EN POLVO;"90,00 ";MATERIA PRIMA;TRUE;0;FALSE;g
MP062;CEBOLLA MORADA;"7,50 ";MATERIA PRIMA;TRUE;0;FALSE;g
MP064;CEREZA GLASEADA;"113,00 ";MATERIA PRIMA;TRUE;0;FALSE;g
MP066;CHAUCHA;"28,50 ";MATERIA PRIMA;TRUE;0;FALSE;g
MP067;CHOCLO SÁCHET;"30,00 ";MATERIA PRIMA;TRUE;0;FALSE;g
MP068;CHOCO CHIPS BLANCO;"55,00 ";MATERIA PRIMA;TRUE;0;FALSE;g
MP069;CHOCO CHIPS NEGRO;"55,00 ";MATERIA PRIMA;TRUE;0;FALSE;g
MP070;CHOCOLATE BLANCO;"70,00 ";MATERIA PRIMA;TRUE;0;FALSE;g
MP071;CHOCOLATE BLANCO PARA MOLDEAR;"55,00 ";MATERIA PRIMA;TRUE;0;FALSE;g
MP072;CHOCOLATE SEMI AMARGO;"70,00 ";MATERIA PRIMA;TRUE;0;FALSE;g
MP073;CLAVO DE OLOR;"195,00 ";MATERIA PRIMA;TRUE;0;FALSE;g
MP074;COCO RALLADO SIN AZUCAR;"39,00 ";MATERIA PRIMA;TRUE;0;FALSE;g
MP075;COLIFLOR;"20,00 ";MATERIA PRIMA;TRUE;0;FALSE;g
MP077;CONDIPIZZA;"55,00 ";MATERIA PRIMA;TRUE;0;FALSE;g
MP078;COSTILLITA AHUMADA;"45,00 ";MATERIA PRIMA;TRUE;0;FALSE;g
MP079;COSTILLITA DE CERDO;"38,00 ";MATERIA PRIMA;TRUE;0;FALSE;g
MP081;CUADRIL VACUNO;"65,00 ";MATERIA PRIMA;TRUE;0;FALSE;g
MP082;CURCUMA;"38,00 ";MATERIA PRIMA;TRUE;0;FALSE;g
MP083;DAMASCOS DESHIDRATADOS;"100,00 ";MATERIA PRIMA;TRUE;0;FALSE;g
MP084;DATILES;"70,00 ";MATERIA PRIMA;TRUE;0;FALSE;g
MP085;DULCE DE BATATA;"26,00 ";MATERIA PRIMA;TRUE;0;FALSE;g
MP086;DULCE DE GUAYABA;"16,00 ";MATERIA PRIMA;TRUE;0;FALSE;g
MP087;DULCE DE LECHE FAMILIAR;"21,80 ";MATERIA PRIMA;TRUE;0;FALSE;g
MP088;DULCE DE MEMBRILLO;"28,50 ";MATERIA PRIMA;TRUE;0;FALSE;g
MP089;DURAZNO EN LATA;"23,00 ";MATERIA PRIMA;TRUE;0;FALSE;g
MP091;ERITRITOL;"36,00 ";MATERIA PRIMA;TRUE;0;FALSE;g
MP098;ESTRAGON;"270,00 ";MATERIA PRIMA;TRUE;0;FALSE;g
MP099;EXTRACTO DE MALTA EN JARABE;"22,00 ";MATERIA PRIMA;TRUE;0;FALSE;g
MP100;EXTRACTO DE TOMATE;"11,00 ";MATERIA PRIMA;TRUE;0;FALSE;g
MP101;FECULA DE BATATA;"23,00 ";MATERIA PRIMA;TRUE;0;FALSE;g
MP102;FIDEO DE GUISO CORTO;"5,50 ";MATERIA PRIMA;TRUE;0;FALSE;g
MP103;FIDEO TIRABUZON;"21,00 ";MATERIA PRIMA;TRUE;0;FALSE;g
MP104;FIDEOS SPAGHETTI LARGO;"13,25 ";MATERIA PRIMA;TRUE;0;FALSE;g
MP105;FRAMBUESA;"80,00 ";MATERIA PRIMA;TRUE;0;FALSE;g
MP106;FRUTAS ABRILANTADAS;"26,00 ";MATERIA PRIMA;TRUE;0;FALSE;g
MP107;FRUTOS ROJOS;"69,00 ";MATERIA PRIMA;TRUE;0;FALSE;g
MP108;GALLETITA CHOCOLINAS;"57,00 ";MATERIA PRIMA;TRUE;0;FALSE;g
MP109;GALLETITA CHOCOLINAS BLANCO;"57,00 ";MATERIA PRIMA;TRUE;0;FALSE;g
MP110;GALLETITAS LINCOLN CLASICAS;"39,00 ";MATERIA PRIMA;TRUE;0;FALSE;g
MP111;GARBANZOS;"43,00 ";MATERIA PRIMA;TRUE;0;FALSE;g
MP115;GOMA XANTICA;"110,00 ";MATERIA PRIMA;TRUE;0;FALSE;g
MP116;GRANOLA;;MATERIA PRIMA;TRUE;0;FALSE;g
MP117;HARINA 3 CEROS;"4,00 ";MATERIA PRIMA;TRUE;0;FALSE;g
MP118;HARINA 4 CEROS;"5,00 ";MATERIA PRIMA;TRUE;0;FALSE;g
MP119;HARINA DE ALMENDRA;"80,00 ";MATERIA PRIMA;TRUE;0;FALSE;g
MP120;HARINA DE ARROZ;"15,00 ";MATERIA PRIMA;TRUE;0;FALSE;g
MP121;HARINA DE MACADAMIA;"120,00 ";MATERIA PRIMA;TRUE;0;FALSE;g
MP122;HARINA DE MAIZ;"15,00 ";MATERIA PRIMA;TRUE;0;FALSE;g
MP123;HARINA LEUDANTE;"6,40 ";MATERIA PRIMA;TRUE;0;FALSE;g
MP124;HARINA SALVADO;"4,00 ";MATERIA PRIMA;TRUE;0;FALSE;g
MP125;HIGO TURCO;"70,00 ";MATERIA PRIMA;TRUE;0;FALSE;g
MP126;HINOJO SECO;"134,00 ";MATERIA PRIMA;TRUE;0;FALSE;g
MP127;CURRY;"70,00 ";MATERIA PRIMA;TRUE;0;FALSE;g
MP128;CONTRAMUSLO DE POLLO;"20,00 ";MATERIA PRIMA;TRUE;0;FALSE;g
MP129;HONGOS FRESCOS;"110,00 ";MATERIA PRIMA;TRUE;0;FALSE;g
MP130;CURRY;;MATERIA PRIMA;TRUE;0;FALSE;g
MP132;.;",00 ";MATERIA PRIMA;TRUE;0;FALSE;g
MP133;SALMON FRESCO;"150,00 ";MATERIA PRIMA;TRUE;0;FALSE;g
MP134;JAMON COCIDO;"65,00 ";MATERIA PRIMA;TRUE;0;FALSE;g
MP135;JAMON CRUDO;"88,00 ";MATERIA PRIMA;TRUE;0;FALSE;g
MP136;JAMON CRUDO TIPO SERRANO;"90,00 ";MATERIA PRIMA;TRUE;0;FALSE;g
MP137;JAMON DE PAVO SADIA;"110,00 ";MATERIA PRIMA;TRUE;0;FALSE;g
MP138;JENGIBRE;"22,00 ";MATERIA PRIMA;TRUE;0;FALSE;g
MP139;JENGIBRE EN POLVO;"38,00 ";MATERIA PRIMA;TRUE;0;FALSE;g
MP140;KA'A YARA ESPECIALIDAD;"50,00 ";MATERIA PRIMA;TRUE;0;FALSE;g
MP144;LECHE CONDENSADA;"26,60 ";MATERIA PRIMA;TRUE;0;FALSE;g
MP145;LECHE DE COCO;"145,00 ";MATERIA PRIMA;TRUE;0;FALSE;g
MP151;LECHUGA MORADA;"6,00 ";MATERIA PRIMA;TRUE;0;FALSE;g
MP152;LECHUGA REPOLLADA;"24,00 ";MATERIA PRIMA;TRUE;0;FALSE;g
MP153;LEMON PEPER;"32,00 ";MATERIA PRIMA;TRUE;0;FALSE;g
MP154;LENTEJAS;"19,50 ";MATERIA PRIMA;TRUE;0;FALSE;g
MP155;LEVADURA FRESCA;"13,00 ";MATERIA PRIMA;TRUE;0;FALSE;g
MP156;LIMON REAL;"15,00 ";MATERIA PRIMA;TRUE;0;FALSE;g
MP157;LIMON TAITI;"8,00 ";MATERIA PRIMA;TRUE;0;FALSE;g
MP158;LOMITO;"95,00 ";MATERIA PRIMA;TRUE;0;FALSE;g
MP159;LOMO AHUMADO DE LA CASA;"70,00 ";MATERIA PRIMA;TRUE;0;FALSE;g
MP160;LOMO DE CERDO;"33,50 ";MATERIA PRIMA;TRUE;0;FALSE;g
MP161;MAICENA;"8,00 ";MATERIA PRIMA;TRUE;0;FALSE;g
MP162;MANDIOCA;"8,00 ";MATERIA PRIMA;TRUE;0;FALSE;g
MP163;MANTECA;"44,00 ";MATERIA PRIMA;TRUE;0;FALSE;g
MP168;MAYONESA;"28,00 ";MATERIA PRIMA;TRUE;0;FALSE;g
MP169;MBURUCUJA;"21,50 ";MATERIA PRIMA;TRUE;0;FALSE;g
MP170;MERMELADA DE GUAYABA REPOSTERA;"15,50 ";MATERIA PRIMA;TRUE;0;FALSE;g
MP172;MIX DE FRUTOS ROJOS;"177,00 ";MATERIA PRIMA;TRUE;0;FALSE;g
MP173;MIX DE SEMILLAS POLVO;"60,00 ";MATERIA PRIMA;TRUE;0;FALSE;g
MP174;MORRON AMARILLO;"30,00 ";MATERIA PRIMA;TRUE;0;FALSE;g
MP175;MORRON ROJO;"30,00 ";MATERIA PRIMA;TRUE;0;FALSE;g
MP176;MORRON VERDE;"15,00 ";MATERIA PRIMA;TRUE;0;FALSE;g
MP177;MORTADELLA;"70,00 ";MATERIA PRIMA;TRUE;0;FALSE;g
MP178;MOSTAZA POLVO;"41,00 ";MATERIA PRIMA;TRUE;0;FALSE;g
MP179;MOSTAZA SALSA;"31,50 ";MATERIA PRIMA;TRUE;0;FALSE;g
MP181;NUECES;"130,00 ";MATERIA PRIMA;TRUE;0;FALSE;g
MP182;NUEZ MOSCADA;"220,00 ";MATERIA PRIMA;TRUE;0;FALSE;g
MP183;OJO DE BIFE;"77,00 ";MATERIA PRIMA;TRUE;0;FALSE;g
MP186;OREGANO SECO;"49,00 ";MATERIA PRIMA;TRUE;0;FALSE;g
MP187;PALMITO;"47,00 ";MATERIA PRIMA;TRUE;0;FALSE;g
MP188;PALMITO EN TROZOS;"47,00 ";MATERIA PRIMA;TRUE;0;FALSE;g
MP190;PANCETA AHUMADA;"75,00 ";MATERIA PRIMA;TRUE;0;FALSE;g
MP191;PANKO;"60,00 ";MATERIA PRIMA;TRUE;0;FALSE;g
MP192;PAPA;"5,50 ";MATERIA PRIMA;TRUE;0;FALSE;g
MP193;PASAS DE UVAS NEGRAS;"30,00 ";MATERIA PRIMA;TRUE;0;FALSE;g
MP194;PASAS DE UVAS BLANCAS;"51,00 ";MATERIA PRIMA;TRUE;0;FALSE;g
MP195;PASAS DE UVAS RUBIAS;"51,00 ";MATERIA PRIMA;TRUE;0;FALSE;g
MP196;CEREZAS SECAS;;MATERIA PRIMA;TRUE;0;FALSE;g
MP197;PASTA DE DATILES;"70,00 ";MATERIA PRIMA;TRUE;0;FALSE;g
MP198;PASTA DE MACADAMIA;"120,00 ";MATERIA PRIMA;TRUE;0;FALSE;g
MP199;PASTA DE TOMATE;;MATERIA PRIMA;TRUE;0;FALSE;g
MP200;PATO;"62,00 ";MATERIA PRIMA;TRUE;0;FALSE;g
MP201;PECETO VACUNO;"65,00 ";MATERIA PRIMA;TRUE;0;FALSE;g
MP202;PECHUGA DE POLLO SIN HUESO;"25,00 ";MATERIA PRIMA;TRUE;0;FALSE;g
MP203;PEPINILLOS;"50,00 ";MATERIA PRIMA;TRUE;0;FALSE;g
MP204;PEPINO;"8,00 ";MATERIA PRIMA;TRUE;0;FALSE;g
MP205;PEPPERONI FRIEDEN;"110,00 ";MATERIA PRIMA;TRUE;0;FALSE;g
MP206;PEPPERONI LA CASONA;"130,00 ";MATERIA PRIMA;TRUE;0;FALSE;g
MP209;PEREJIL SECO;;MATERIA PRIMA;TRUE;0;FALSE;g
MP210;PIERNA DE CERDO;"35,00 ";MATERIA PRIMA;TRUE;0;FALSE;g
MP211;PIMENTON DULCE;"33,00 ";MATERIA PRIMA;TRUE;0;FALSE;g
MP212;PIMIENTA CAYENA;"125,00 ";MATERIA PRIMA;TRUE;0;FALSE;g
MP213;PIMIENTA NEGRA EN GRANO;"120,00 ";MATERIA PRIMA;TRUE;0;FALSE;g
MP214;PIMIENTA ROJA;"111,00 ";MATERIA PRIMA;TRUE;0;FALSE;g
MP216;PIÑA EN LATA;"57,50 ";MATERIA PRIMA;TRUE;0;FALSE;g
MP218;PISTACHOS;"295,00 ";MATERIA PRIMA;TRUE;0;FALSE;g
MP219;SALSA HOLANDESA;"63,00 ";MATERIA PRIMA;TRUE;0;FALSE;g
MP220;POLVO PARA HORNEAR;"21,00 ";MATERIA PRIMA;TRUE;0;FALSE;g
MP222;PULPA DE MBURUCUJA;"45,00 ";MATERIA PRIMA;TRUE;0;FALSE;g
MP223;PULPA NEGRA;"65,00 ";MATERIA PRIMA;TRUE;0;FALSE;g
MP226;QUESO CAMEMBERT;"70,00 ";MATERIA PRIMA;TRUE;0;FALSE;g
MP227;QUESO CREMA POLENGUI;"80,00 ";MATERIA PRIMA;TRUE;0;FALSE;g
MP228;QUESO CREMOSO LACTOLANDA;"45,00 ";MATERIA PRIMA;TRUE;0;FALSE;g
MP229;QUESO EMMENTAL;"100,00 ";MATERIA PRIMA;TRUE;0;FALSE;g
MP230;QUESO GRUYERE;"85,00 ";MATERIA PRIMA;TRUE;0;FALSE;g
MP232;QUESO MUZZARELA LACTOLANDA;"55,00 ";MATERIA PRIMA;TRUE;0;FALSE;g
MP234;QUESO PARAGUAY;"40,00 ";MATERIA PRIMA;TRUE;0;FALSE;g
MP237;QUESO PEPATO;"80,00 ";MATERIA PRIMA;TRUE;0;FALSE;g
MP238;QUESO PROVOLONE;"70,00 ";MATERIA PRIMA;TRUE;0;FALSE;g
MP239;QUESO RACLETE;"75,00 ";MATERIA PRIMA;TRUE;0;FALSE;g
MP241;QUESO MORBIER;"85,00 ";MATERIA PRIMA;TRUE;0;FALSE;g
MP242;QUESO MASCARPONE NATURAL;"85,00 ";MATERIA PRIMA;TRUE;0;FALSE;g
MP243;QUESO MASCARPONE PIMIENTA;"82,00 ";MATERIA PRIMA;TRUE;0;FALSE;g
MP244;QUESO MASCARPONE CEBOLLITA;"82,00 ";MATERIA PRIMA;TRUE;0;FALSE;g
MP245;QUESO RICOTTA;"25,00 ";MATERIA PRIMA;TRUE;0;FALSE;g
MP246;QUESO SARDO;"80,00 ";MATERIA PRIMA;TRUE;0;FALSE;g
MP247;QUESO SBRINZ;"75,00 ";MATERIA PRIMA;TRUE;0;FALSE;g
MP249;QUINOA BLANCA;"45,00 ";MATERIA PRIMA;TRUE;0;FALSE;g
MP250;QUINOA EN FLOCOS;"60,00 ";MATERIA PRIMA;TRUE;0;FALSE;g
MP251;QUINOA NEGRA;"55,00 ";MATERIA PRIMA;TRUE;0;FALSE;g
MP252;RABANITO;;MATERIA PRIMA;TRUE;0;FALSE;g
MP253;RALLADURA DE NARANJA;;MATERIA PRIMA;TRUE;0;FALSE;g
MP254;REMOLACHA;"10,00 ";MATERIA PRIMA;TRUE;0;FALSE;g
MP255;HARINA DE LINO DORADO;;MATERIA PRIMA;TRUE;0;FALSE;g
MP256;REPOLLO BLANCO;"5,50 ";MATERIA PRIMA;TRUE;0;FALSE;g
MP257;HIELO;;MATERIA PRIMA;TRUE;0;FALSE;g
MP258;REPOLLO MORADO;"9,50 ";MATERIA PRIMA;TRUE;0;FALSE;g
MP261;SAL DEL HIMALAYA;"25,00 ";MATERIA PRIMA;TRUE;0;FALSE;g
MP262;SAL ENTREFINA;"5,50 ";MATERIA PRIMA;TRUE;0;FALSE;g
MP263;SAL FINA;"5,80 ";MATERIA PRIMA;TRUE;0;FALSE;g
MP264;SAL GRUESA;"5,50 ";MATERIA PRIMA;TRUE;0;FALSE;g
MP265;SALAME MILAN;"120,00 ";MATERIA PRIMA;TRUE;0;FALSE;g
MP266;SALAMIN PICADO FINO FRIEDEN;"110,00 ";MATERIA PRIMA;TRUE;0;FALSE;g
MP267;SALAMIN PICADO FINO LA CASONA;"130,00 ";MATERIA PRIMA;TRUE;0;FALSE;g
MP268;SALAMIN PICADO GRUESO FRIEDEN;"110,00 ";MATERIA PRIMA;TRUE;0;FALSE;g
MP269;SALMON AHUMADO;"200,00 ";MATERIA PRIMA;TRUE;0;FALSE;g
MP270;SALSA BARBACOA;"29,00 ";MATERIA PRIMA;TRUE;0;FALSE;g
MP271;SALSA DE TOMATE CONCENTRADO;"12,50 ";MATERIA PRIMA;TRUE;0;FALSE;g
MP273;SEMILLA DE AMAPOLAS;;MATERIA PRIMA;TRUE;0;FALSE;g
MP274;SEMILLA DE GIRASOL;"30,00 ";MATERIA PRIMA;TRUE;0;FALSE;g
MP275;SEMILLA DE GIRASOL;"29,00 ";MATERIA PRIMA;TRUE;0;FALSE;g
MP276;SEMILLA DE LINO;"25,00 ";MATERIA PRIMA;TRUE;0;FALSE;g
MP277;SEMILLAS DE CHIA;"35,00 ";MATERIA PRIMA;TRUE;0;FALSE;g
MP278;SEMOLA;"27,00 ";MATERIA PRIMA;TRUE;0;FALSE;g
MP279;SESAMO BLANCO;"47,00 ";MATERIA PRIMA;TRUE;0;FALSE;g
MP280;SESAMO NEGRO;"47,00 ";MATERIA PRIMA;TRUE;0;FALSE;g
MP283;SOLOMILLO DE CORDERO;"95,00 ";MATERIA PRIMA;TRUE;0;FALSE;g
MP284;SPAGHETTI NIDO;"13,00 ";MATERIA PRIMA;TRUE;0;FALSE;g
MP285;SPAGHETTI LARGO ANITA;"13,00 ";MATERIA PRIMA;TRUE;0;FALSE;g
MP286;SURUBI;"85,00 ";MATERIA PRIMA;TRUE;0;FALSE;g
MP287;TE CARQUEJA;"80,00 ";MATERIA PRIMA;TRUE;0;FALSE;g
MP288;TE CIPRES;"60,00 ";MATERIA PRIMA;TRUE;0;FALSE;g
MP289;TE DE HIBISCUS;"60,00 ";MATERIA PRIMA;TRUE;0;FALSE;g
MP290;TE DE LAVANDA;"190,00 ";MATERIA PRIMA;TRUE;0;FALSE;g
MP291;TE DE LIMON SICILIANO;"110,00 ";MATERIA PRIMA;TRUE;0;FALSE;g
MP292;TE DE MENTA;"25,00 ";MATERIA PRIMA;TRUE;0;FALSE;g
MP293;TE NEGRO CEYLAN;;MATERIA PRIMA;TRUE;0;FALSE;g
MP294;TE VERDE;"44,00 ";MATERIA PRIMA;TRUE;0;FALSE;g
MP295;TOMAHAWK;"78,00 ";MATERIA PRIMA;TRUE;0;FALSE;g
MP296;TOMATE;"10,00 ";MATERIA PRIMA;TRUE;0;FALSE;g
MP297;TOMATE CHERRY;"40,00 ";MATERIA PRIMA;TRUE;0;FALSE;g
MP298;TOMATE TRITURADO;"16,00 ";MATERIA PRIMA;TRUE;0;FALSE;g
MP300;TOMILLO SECO;"60,00 ";MATERIA PRIMA;TRUE;0;FALSE;g
MP304;AJENJO SECO;;MATERIA PRIMA;TRUE;0;FALSE;g
MP313;ZANAHORIA;"7,50 ";MATERIA PRIMA;TRUE;0;FALSE;g
MP314;ZAPALLITOS DE TRONCO;"12,00 ";MATERIA PRIMA;TRUE;0;FALSE;g
MP315;ZAPALLO;"5,00 ";MATERIA PRIMA;TRUE;0;FALSE;g
MP316;ZUCCHINI;"12,00 ";MATERIA PRIMA;TRUE;0;FALSE;g
MP317;"MIX DE SEMILLAS (SESAMO, LINO, GIRASOL, SESAMO NEGRO)";"40,00 ";MATERIA PRIMA;TRUE;0;FALSE;g
MP318;RACK DE CORDERO;"105,00 ";MATERIA PRIMA;TRUE;0;FALSE;g
MP319;FRUTILLA;;MATERIA PRIMA;TRUE;0;FALSE;g
MP320;QUESO RALLADO;;MATERIA PRIMA;TRUE;0;FALSE;g
MP322;SPAGHETTI ITALIANO;"50,00 ";MATERIA PRIMA;TRUE;0;FALSE;g
MP326;MATCHA;"706,00 ";MATERIA PRIMA;TRUE;0;FALSE;g
MP327;HARINA DE LINAZA DORADA;"25,00 ";MATERIA PRIMA;TRUE;0;FALSE;g
MP329;HONGOS SHIITAKE;"135,00 ";MATERIA PRIMA;TRUE;0;FALSE;g
MP330;HONGOS DE PINO;"80,00 ";MATERIA PRIMA;TRUE;0;FALSE;g
MP331;SAL DE CURA;"20,00 ";MATERIA PRIMA;TRUE;0;FALSE;g
MP334;ALBAHACA SECA;"80,00 ";MATERIA PRIMA;TRUE;0;FALSE;g
MP335;TAHINI;"110,00 ";MATERIA PRIMA;TRUE;0;FALSE;g
MP336;ARANDANOS;"85,00 ";MATERIA PRIMA;TRUE;0;FALSE;g
MP337;QUESO GOUDA;"130,00 ";MATERIA PRIMA;TRUE;0;FALSE;g
MP338;QUESO GOYA;"135,00 ";MATERIA PRIMA;TRUE;0;FALSE;g
MP339;TAPIOCA;"30,00 ";MATERIA PRIMA;TRUE;0;FALSE;g
MP340;CAFE QUINTO TONIN;"300,00 ";MATERIA PRIMA;TRUE;0;FALSE;g
MP341;HARINA DE QUINOA;"60,00 ";MATERIA PRIMA;TRUE;0;FALSE;g
MP345;HARINA DE LINO;"20,00 ";MATERIA PRIMA;TRUE;0;FALSE;g
MP346;CAFE DESCAFEINADO;;MATERIA PRIMA;TRUE;0;FALSE;g
MP348;NUTELLA;"66,00 ";MATERIA PRIMA;TRUE;0;FALSE;g
MP224;QUESO AZUL;"128,00 ";MATERIA PRIMA;TRUE;0;FALSE;g
MP225;QUESO BRIE;"70,00 ";MATERIA PRIMA;TRUE;0;FALSE;g
MP231;QUESO MUNSTER;"70,00 ";MATERIA PRIMA;TRUE;0;FALSE;g
MP235;QUESO PARMESANO;"100,00 ";MATERIA PRIMA;TRUE;0;FALSE;g
MP236;QUESO FONTINA;"85,00 ";MATERIA PRIMA;TRUE;0;FALSE;g
MP003;ACEITE DE OLIVA;"80,00 ";MATERIA PRIMA;TRUE;0;FALSE;ml
MP008;ACETO BALSAMICO;"60,00 ";MATERIA PRIMA;TRUE;0;FALSE;ml
MP009;AGUA;"1,20 ";MATERIA PRIMA;TRUE;0;FALSE;ml
MP044;CACHAÇA;"35,00 ";MATERIA PRIMA;TRUE;0;FALSE;ml
MP056;CARAMELO;"6,00 ";MATERIA PRIMA;TRUE;0;FALSE;ml
MP065;CHANTI PACK;"35,00 ";MATERIA PRIMA;TRUE;0;FALSE;ml
MP076;COLORANTE;"600,00 ";MATERIA PRIMA;TRUE;0;FALSE;ml
MP080;CREMA DE LECHE;"21,00 ";MATERIA PRIMA;TRUE;0;FALSE;ml
MP090;EDULCORANTE;"70,00 ";MATERIA PRIMA;TRUE;0;FALSE;ml
MP092;ESENCIA DE AZAHAR;"28,60 ";MATERIA PRIMA;TRUE;0;FALSE;ml
MP093;ESENCIA DE COCO;"16,40 ";MATERIA PRIMA;TRUE;0;FALSE;ml
MP094;ESENCIA DE NARANJA;"18,60 ";MATERIA PRIMA;TRUE;0;FALSE;ml
MP095;ESENCIA DE PANETTONE;"20,60 ";MATERIA PRIMA;TRUE;0;FALSE;ml
MP096;ESENCIA DE VAINILLA;"35,00 ";MATERIA PRIMA;TRUE;0;FALSE;ml
MP112;GIN GORDONS;"68,00 ";MATERIA PRIMA;TRUE;0;FALSE;ml
MP113;GIN PUERTO DE INDIAS;"175,00 ";MATERIA PRIMA;TRUE;0;FALSE;ml
MP114;GIN BOMBAY;"145,00 ";MATERIA PRIMA;TRUE;0;FALSE;ml
MP146;LECHE DESCREMADA;"7,80 ";MATERIA PRIMA;TRUE;0;FALSE;ml
MP147;LECHE NUDE;"30,00 ";MATERIA PRIMA;TRUE;0;FALSE;ml
MP148;LECHE ENTERA;"5,80 ";MATERIA PRIMA;TRUE;0;FALSE;ml
MP149;LECHE SIN LACTOSA;"7,80 ";MATERIA PRIMA;TRUE;0;FALSE;ml
MP171;MIEL;"50,00 ";MATERIA PRIMA;TRUE;0;FALSE;ml
MP217;PISCO;"157,00 ";MATERIA PRIMA;TRUE;0;FALSE;ml
MP240;RON FORTIN SUAVE AÑEJO;"31,00 ";MATERIA PRIMA;TRUE;0;FALSE;ml
MP259;RON BLANCO FORTIN;"27,00 ";MATERIA PRIMA;TRUE;0;FALSE;ml
MP272;SALSA INGLESA;"47,00 ";MATERIA PRIMA;TRUE;0;FALSE;ml
MP301;VERMUT BLANCO;"67,00 ";MATERIA PRIMA;TRUE;0;FALSE;ml
MP302;VERMUT EXTRADRY;"80,00 ";MATERIA PRIMA;TRUE;0;FALSE;ml
MP303;VERMUT ROSSO;"67,00 ";MATERIA PRIMA;TRUE;0;FALSE;ml
MP305;VINAGRE DE LIMON;"7,00 ";MATERIA PRIMA;TRUE;0;FALSE;ml
MP306;VINAGRON;"8,50 ";MATERIA PRIMA;TRUE;0;FALSE;ml
MP307;VINO BLANCO;"10,00 ";MATERIA PRIMA;TRUE;0;FALSE;ml
MP308;VINO BLANCO UVITA;"20,00 ";MATERIA PRIMA;TRUE;0;FALSE;ml
MP309;VINO TINTO UVITA;"20,00 ";MATERIA PRIMA;TRUE;0;FALSE;ml
MP310;VODKA SMIRNOFF;"76,00 ";MATERIA PRIMA;TRUE;0;FALSE;ml
MP311;WHISKY JACK DANIELS;"190,00 ";MATERIA PRIMA;TRUE;0;FALSE;ml
MP312;YOGURT NATURAL;"20,00 ";MATERIA PRIMA;TRUE;0;FALSE;ml
MP321;COLORANTE ROJO;"600,00 ";MATERIA PRIMA;TRUE;0;FALSE;ml
MP323;AGUA CON GAS;;MATERIA PRIMA;TRUE;0;FALSE;ml
MP324;ACEITE DE SESAMO;"65,00 ";MATERIA PRIMA;TRUE;0;FALSE;ml
MP325;APEROL;;MATERIA PRIMA;TRUE;0;FALSE;ml
MP347;AGUA TONICA;;MATERIA PRIMA;TRUE;0;FALSE;ml
MP349;VINAGRE DE ARROZ;;MATERIA PRIMA;TRUE;0;FALSE;ml
MP233;QUESO MUZZARELLA;"17.000,00 ";MATERIA PRIMA;TRUE;0;FALSE;Unit
MP006;ACELGA;"4.000,00 ";MATERIA PRIMA;TRUE;0;FALSE;Unit
MP063;CEBOLLITA EN HOJA;"2.000,00 ";MATERIA PRIMA;TRUE;0;FALSE;Unit
MP097;ESPINACA;"3.000,00 ";MATERIA PRIMA;TRUE;0;FALSE;Unit
MP141;KALE;"2.000,00 ";MATERIA PRIMA;TRUE;0;FALSE;Unit
MP142;KOBE;"4.000,00 ";MATERIA PRIMA;TRUE;0;FALSE;Unit
MP143;LAUREL;"3.000,00 ";MATERIA PRIMA;TRUE;0;FALSE;Unit
MP150;LECHUGA HIDROPONICA CRESPA;"5.000,00 ";MATERIA PRIMA;TRUE;0;FALSE;Unit
MP184;OREGANO FRESCO;"2.000,00 ";MATERIA PRIMA;TRUE;0;FALSE;Unit
MP208;PEREJIL;"2.000,00 ";MATERIA PRIMA;TRUE;0;FALSE;Unit
MP221;PUERRO;"3.000,00 ";MATERIA PRIMA;TRUE;0;FALSE;Unit
MP299;TOMILLO FRESCO;"3.000,00 ";MATERIA PRIMA;TRUE;0;FALSE;Unit
MP007;PAN CIABATTA XL;"4.000,00 ";MATERIA PRIMA;TRUE;0;FALSE;Unit
MP010;AGUACATE;"5.000,00 ";MATERIA PRIMA;TRUE;0;FALSE;Unit
MP034;BANANA NACIONAL;"1.000,00 ";MATERIA PRIMA;TRUE;0;FALSE;Unit
MP042;BROTE DE SOJA;"800,00 ";MATERIA PRIMA;TRUE;0;FALSE;Unit
MP131;HUEVOS;"1.128,00 ";MATERIA PRIMA;TRUE;0;FALSE;Unit
MP164;MANZANA ROJA;"4.000,00 ";MATERIA PRIMA;TRUE;0;FALSE;Unit
MP165;MANZANA VERDE;"6.500,00 ";MATERIA PRIMA;TRUE;0;FALSE;Unit
MP166;MASA MADRE BAGUETTE;"3.500,00 ";MATERIA PRIMA;TRUE;0;FALSE;Unit
MP167;MASA MADRE HOGAZA BLANCO CON SEMILLAS;"2.000,00 ";MATERIA PRIMA;TRUE;0;FALSE;Unit
MP180;NARANJA;"2.500,00 ";MATERIA PRIMA;TRUE;0;FALSE;Unit
MP185;CROISSANT;"8.000,00 ";MATERIA PRIMA;TRUE;0;FALSE;Unit
MP189;PAN ARABE;"1.800,00 ";MATERIA PRIMA;TRUE;0;FALSE;Unit
MP207;PERA;"4.000,00 ";MATERIA PRIMA;TRUE;0;FALSE;Unit
MP215;PIÑA;"5.000,00 ";MATERIA PRIMA;TRUE;0;FALSE;Unit
MP248;QUESO DE CABRA TIPO FETA;"15.000,00 ";MATERIA PRIMA;TRUE;0;FALSE;Unit
MP260;RUCULA HIDROPONICA;"1.670,00 ";MATERIA PRIMA;TRUE;0;FALSE;Unit
MP281;VARENIKI PAPA;"833,00 ";MATERIA PRIMA;TRUE;0;FALSE;Unit
MP282;VARENIKI RICOTTA;"833,00 ";MATERIA PRIMA;TRUE;0;FALSE;Unit
MP328;GINGER ALE;;MATERIA PRIMA;TRUE;0;FALSE;Unit
MP332;CLARA;"1.128,00 ";MATERIA PRIMA;TRUE;0;FALSE;Unit
MP333;YEMA;"1.128,00 ";MATERIA PRIMA;TRUE;0;FALSE;Unit
MP342;PAN PITA OVEJA NEGRA;"2.500,00 ";MATERIA PRIMA;TRUE;0;FALSE;Unit
MP343;PAN CIABATTA OVEJA NEGRA;"4.000,00 ";MATERIA PRIMA;TRUE;0;FALSE;Unit
MP344;PAN BAGUETIN MASA MADRE OVEJA NEGRA;"4.000,00 ";MATERIA PRIMA;TRUE;0;FALSE;Unit
MP016;ALBAHACA FRESCA;"5.000,00 ";MATERIA PRIMA;TRUE;0;FALSE;Unit
MP022;APIO;"4.000,00 ";MATERIA PRIMA;TRUE;0;FALSE;Unit
