Referencia interna;Nombre;Costo;Categoria del producto;Rastrear inventario;Precio de venta;Disponible en PdV;Unidades
MP002;NUTELLA;66;MATERIA PRIMA;VERDADERO;0;FALSO;g
MP004;ACEITUNA;50;MATERIA PRIMA;VERDADERO;0;FALSO;g
MP005;HARINA DE CHIA;30;MATERIA PRIMA;VERDADERO;0;FALSO;g
MP011;AGUJA CARNE;33;MATERIA PRIMA;VERDADERO;0;FALSO;g
MP012;AJI MOLIDO PICANTE;40;MATERIA PRIMA;VERDADERO;0;FALSO;g
MP013;AJI PICANTE;100;MATERIA PRIMA;VERDADERO;0;FALSO;g
MP014;AJO;45;MATERIA PRIMA;VERDADERO;0;FALSO;g
MP015;AJO EN POLVO;80;MATERIA PRIMA;VERDADERO;0;FALSO;g
MP017;ALCAPARRAS;270;MATERIA PRIMA;VERDADERO;0;FALSO;g
MP018;ALMENDRAS;130;MATERIA PRIMA;VERDADERO;0;FALSO;g
MP019;ALMIDON DE MANDIOCA;8;MATERIA PRIMA;VERDADERO;0;FALSO;g
MP020;ANIS;"67,3";MATERIA PRIMA;VERDADERO;0;FALSO;g
MP021;ANIS ESTRELLADO;105;MATERIA PRIMA;VERDADERO;0;FALSO;g
MP023;ARROZ BLANCO TIPO 1;"8,8";MATERIA PRIMA;VERDADERO;0;FALSO;g
MP024;ARROZ CAZUELA;12;MATERIA PRIMA;VERDADERO;0;FALSO;g
MP025;ARROZ PARA RISOTTO;56;MATERIA PRIMA;VERDADERO;0;FALSO;g
MP026;ATUN;88;MATERIA PRIMA;VERDADERO;0;FALSO;g
MP027;AVELLANA;156;MATERIA PRIMA;VERDADERO;0;FALSO;g
MP028;AVENA ARROLLADA;20;MATERIA PRIMA;VERDADERO;0;FALSO;g
MP029;AVENA SIN GLUTEN;42;MATERIA PRIMA;VERDADERO;0;FALSO;g
MP030;AZUCAR BLANCA;"7,2";MATERIA PRIMA;VERDADERO;0;FALSO;g
MP031;AZUCAR DE COCO;65;MATERIA PRIMA;VERDADERO;0;FALSO;g
MP032;AZUCAR IMPALPABLE;14;MATERIA PRIMA;VERDADERO;0;FALSO;g
MP033;AZUCAR MORENA;15;MATERIA PRIMA;VERDADERO;0;FALSO;g
MP035;BATATA;"8,5";MATERIA PRIMA;VERDADERO;0;FALSO;g
MP036;BERENJENAS;12;MATERIA PRIMA;VERDADERO;0;FALSO;g
MP037;BICARBINATO DE SODIO;"13,5";MATERIA PRIMA;VERDADERO;0;FALSO;g
MP038;BOLDO SECO;45;MATERIA PRIMA;VERDADERO;0;FALSO;g
MP039;BONDIOLA AHUMADA;88;MATERIA PRIMA;VERDADERO;0;FALSO;g
MP040;BROCOLI;20;MATERIA PRIMA;VERDADERO;0;FALSO;g
MP041;KURATU;;MATERIA PRIMA;VERDADERO;0;FALSO;g
MP043;CACAO 100% POLVO;164;MATERIA PRIMA;VERDADERO;0;FALSO;g
MP045;CAFE ANTILLAS;220;MATERIA PRIMA;VERDADERO;0;FALSO;g
MP046;CAFE BLEND ESPRESSO TOTEM;220;MATERIA PRIMA;VERDADERO;0;FALSO;g
MP047;CAFE BLEND SOROCABANA TOTEM;240;MATERIA PRIMA;VERDADERO;0;FALSO;g
MP048;CAFE DEUX DARK;220;MATERIA PRIMA;VERDADERO;0;FALSO;g
MP049;CAFE DEUX MEDIUM;220;MATERIA PRIMA;VERDADERO;0;FALSO;g
MP050;CAFE GEISHA TOTEM;400;MATERIA PRIMA;VERDADERO;0;FALSO;g
MP051;CAFE LAPACHO TOTEM;320;MATERIA PRIMA;VERDADERO;0;FALSO;g
MP052;CAFE QUINTO ESPRESSO;220;MATERIA PRIMA;VERDADERO;0;FALSO;g
MP053;CALABAZA;12;MATERIA PRIMA;VERDADERO;0;FALSO;g
MP054;CANELA EN POLVO;60;MATERIA PRIMA;VERDADERO;0;FALSO;g
MP055;CANELA EN RAMA;108;MATERIA PRIMA;VERDADERO;0;FALSO;g
MP057;CARDAMOMO;540;MATERIA PRIMA;VERDADERO;0;FALSO;g
MP058;CARNE BOLA DE LOMO;65;MATERIA PRIMA;VERDADERO;0;FALSO;g
MP059;CASTAÑA DE CAJU;140;MATERIA PRIMA;VERDADERO;0;FALSO;g
MP060;CEBOLLA BLANCA;5;MATERIA PRIMA;VERDADERO;0;FALSO;g
MP061;CEBOLLA EN POLVO;90;MATERIA PRIMA;VERDADERO;0;FALSO;g
MP062;CEBOLLA MORADA;"7,5";MATERIA PRIMA;VERDADERO;0;FALSO;g
MP064;CEREZA GLASEADA;113;MATERIA PRIMA;VERDADERO;0;FALSO;g
MP066;CHAUCHA;"28,5";MATERIA PRIMA;VERDADERO;0;FALSO;g
MP067;CHOCLO SÁCHET;30;MATERIA PRIMA;VERDADERO;0;FALSO;g
MP068;CHOCO CHIPS BLANCO;55;MATERIA PRIMA;VERDADERO;0;FALSO;g
MP069;CHOCO CHIPS NEGRO;55;MATERIA PRIMA;VERDADERO;0;FALSO;g
MP070;CHOCOLATE BLANCO;70;MATERIA PRIMA;VERDADERO;0;FALSO;g
MP071;CHOCOLATE BLANCO PARA MOLDEAR;55;MATERIA PRIMA;VERDADERO;0;FALSO;g
MP072;CHOCOLATE SEMI AMARGO;70;MATERIA PRIMA;VERDADERO;0;FALSO;g
MP073;CLAVO DE OLOR;195;MATERIA PRIMA;VERDADERO;0;FALSO;g
MP074;COCO RALLADO SIN AZUCAR;39;MATERIA PRIMA;VERDADERO;0;FALSO;g
MP075;COLIFLOR;20;MATERIA PRIMA;VERDADERO;0;FALSO;g
MP077;CONDIPIZZA;55;MATERIA PRIMA;VERDADERO;0;FALSO;g
MP078;COSTILLITA AHUMADA;45;MATERIA PRIMA;VERDADERO;0;FALSO;g
MP079;COSTILLITA DE CERDO;38;MATERIA PRIMA;VERDADERO;0;FALSO;g
MP081;CUADRIL VACUNO;65;MATERIA PRIMA;VERDADERO;0;FALSO;g
MP082;CURCUMA;38;MATERIA PRIMA;VERDADERO;0;FALSO;g
MP083;DAMASCOS DESHIDRATADOS;100;MATERIA PRIMA;VERDADERO;0;FALSO;g
MP084;DATILES;70;MATERIA PRIMA;VERDADERO;0;FALSO;g
MP085;DULCE DE BATATA;26;MATERIA PRIMA;VERDADERO;0;FALSO;g
MP086;DULCE DE GUAYABA;16;MATERIA PRIMA;VERDADERO;0;FALSO;g
MP087;DULCE DE LECHE FAMILIAR;"21,8";MATERIA PRIMA;VERDADERO;0;FALSO;g
MP088;DULCE DE MEMBRILLO;"28,5";MATERIA PRIMA;VERDADERO;0;FALSO;g
MP089;DURAZNO EN LATA;23;MATERIA PRIMA;VERDADERO;0;FALSO;g
MP091;ERITRITOL;36;MATERIA PRIMA;VERDADERO;0;FALSO;g
MP098;ESTRAGON;270;MATERIA PRIMA;VERDADERO;0;FALSO;g
MP099;EXTRACTO DE MALTA EN JARABE;22;MATERIA PRIMA;VERDADERO;0;FALSO;g
MP100;EXTRACTO DE TOMATE;11;MATERIA PRIMA;VERDADERO;0;FALSO;g
MP101;FECULA DE BATATA;23;MATERIA PRIMA;VERDADERO;0;FALSO;g
MP102;FIDEO DE GUISO CORTO;"5,5";MATERIA PRIMA;VERDADERO;0;FALSO;g
MP103;FIDEO TIRABUZON;21;MATERIA PRIMA;VERDADERO;0;FALSO;g
MP104;FIDEOS SPAGHETTI LARGO;"13,25";MATERIA PRIMA;VERDADERO;0;FALSO;g
MP105;FRAMBUESA;80;MATERIA PRIMA;VERDADERO;0;FALSO;g
MP106;FRUTAS ABRILANTADAS;26;MATERIA PRIMA;VERDADERO;0;FALSO;g
MP107;FRUTOS ROJOS;69;MATERIA PRIMA;VERDADERO;0;FALSO;g
MP108;GALLETITA CHOCOLINAS;57;MATERIA PRIMA;VERDADERO;0;FALSO;g
MP109;GALLETITA CHOCOLINAS BLANCO;57;MATERIA PRIMA;VERDADERO;0;FALSO;g
MP110;GALLETITAS LINCOLN CLASICAS;39;MATERIA PRIMA;VERDADERO;0;FALSO;g
MP111;GARBANZOS;43;MATERIA PRIMA;VERDADERO;0;FALSO;g
MP115;GOMA XANTICA;110;MATERIA PRIMA;VERDADERO;0;FALSO;g
MP116;GRANOLA;;MATERIA PRIMA;VERDADERO;0;FALSO;g
MP117;HARINA 3 CEROS;4;MATERIA PRIMA;VERDADERO;0;FALSO;g
MP118;HARINA 4 CEROS;5;MATERIA PRIMA;VERDADERO;0;FALSO;g
MP119;HARINA DE ALMENDRA;80;MATERIA PRIMA;VERDADERO;0;FALSO;g
MP120;HARINA DE ARROZ;15;MATERIA PRIMA;VERDADERO;0;FALSO;g
MP121;HARINA DE MACADAMIA;120;MATERIA PRIMA;VERDADERO;0;FALSO;g
MP122;HARINA DE MAIZ;15;MATERIA PRIMA;VERDADERO;0;FALSO;g
MP123;HARINA LEUDANTE;"6,4";MATERIA PRIMA;VERDADERO;0;FALSO;g
MP124;HARINA SALVADO;4;MATERIA PRIMA;VERDADERO;0;FALSO;g
MP125;HIGO TURCO;70;MATERIA PRIMA;VERDADERO;0;FALSO;g
MP126;HINOJO SECO;134;MATERIA PRIMA;VERDADERO;0;FALSO;g
MP127;CURRY;70;MATERIA PRIMA;VERDADERO;0;FALSO;g
MP128;CONTRAMUSLO DE POLLO;20;MATERIA PRIMA;VERDADERO;0;FALSO;g
MP129;HONGOS FRESCOS;110;MATERIA PRIMA;VERDADERO;0;FALSO;g
MP130;CURRY;;MATERIA PRIMA;VERDADERO;0;FALSO;g
MP132;.;0;MATERIA PRIMA;VERDADERO;0;FALSO;g
MP133;SALMON FRESCO;150;MATERIA PRIMA;VERDADERO;0;FALSO;g
MP134;JAMON COCIDO;65;MATERIA PRIMA;VERDADERO;0;FALSO;g
MP135;JAMON CRUDO;88;MATERIA PRIMA;VERDADERO;0;FALSO;g
MP136;JAMON CRUDO TIPO SERRANO;90;MATERIA PRIMA;VERDADERO;0;FALSO;g
MP137;JAMON DE PAVO SADIA;110;MATERIA PRIMA;VERDADERO;0;FALSO;g
MP138;JENGIBRE;22;MATERIA PRIMA;VERDADERO;0;FALSO;g
MP139;JENGIBRE EN POLVO;38;MATERIA PRIMA;VERDADERO;0;FALSO;g
MP140;KA'A YARA ESPECIALIDAD;50;MATERIA PRIMA;VERDADERO;0;FALSO;g
MP144;LECHE CONDENSADA;"26,6";MATERIA PRIMA;VERDADERO;0;FALSO;g
MP145;LECHE DE COCO;145;MATERIA PRIMA;VERDADERO;0;FALSO;g
MP151;LECHUGA MORADA;6;MATERIA PRIMA;VERDADERO;0;FALSO;g
MP152;LECHUGA REPOLLADA;24;MATERIA PRIMA;VERDADERO;0;FALSO;g
MP153;LEMON PEPER;32;MATERIA PRIMA;VERDADERO;0;FALSO;g
MP154;LENTEJAS;"19,5";MATERIA PRIMA;VERDADERO;0;FALSO;g
MP155;LEVADURA FRESCA;13;MATERIA PRIMA;VERDADERO;0;FALSO;g
MP156;LIMON REAL;15;MATERIA PRIMA;VERDADERO;0;FALSO;g
MP157;LIMON TAITI;8;MATERIA PRIMA;VERDADERO;0;FALSO;g
MP158;LOMITO;95;MATERIA PRIMA;VERDADERO;0;FALSO;g
MP159;LOMO AHUMADO DE LA CASA;70;MATERIA PRIMA;VERDADERO;0;FALSO;g
MP160;LOMO DE CERDO;"33,5";MATERIA PRIMA;VERDADERO;0;FALSO;g
MP161;MAICENA;8;MATERIA PRIMA;VERDADERO;0;FALSO;g
MP162;MANDIOCA;8;MATERIA PRIMA;VERDADERO;0;FALSO;g
MP163;MANTECA;44;MATERIA PRIMA;VERDADERO;0;FALSO;g
MP168;MAYONESA;28;MATERIA PRIMA;VERDADERO;0;FALSO;g
MP169;MBURUCUJA;"21,5";MATERIA PRIMA;VERDADERO;0;FALSO;g
MP170;MERMELADA DE GUAYABA REPOSTERA;"15,5";MATERIA PRIMA;VERDADERO;0;FALSO;g
MP172;MIX DE FRUTOS ROJOS;177;MATERIA PRIMA;VERDADERO;0;FALSO;g
MP173;MIX DE SEMILLAS POLVO;60;MATERIA PRIMA;VERDADERO;0;FALSO;g
MP174;MORRON AMARILLO;30;MATERIA PRIMA;VERDADERO;0;FALSO;g
MP175;MORRON ROJO;30;MATERIA PRIMA;VERDADERO;0;FALSO;g
MP176;MORRON VERDE;15;MATERIA PRIMA;VERDADERO;0;FALSO;g
MP177;MORTADELLA;70;MATERIA PRIMA;VERDADERO;0;FALSO;g
MP178;MOSTAZA POLVO;41;MATERIA PRIMA;VERDADERO;0;FALSO;g
MP179;MOSTAZA SALSA;"31,5";MATERIA PRIMA;VERDADERO;0;FALSO;g
MP181;NUECES;130;MATERIA PRIMA;VERDADERO;0;FALSO;g
MP182;NUEZ MOSCADA;220;MATERIA PRIMA;VERDADERO;0;FALSO;g
MP183;OJO DE BIFE;77;MATERIA PRIMA;VERDADERO;0;FALSO;g
MP186;OREGANO SECO;49;MATERIA PRIMA;VERDADERO;0;FALSO;g
MP187;PALMITO;47;MATERIA PRIMA;VERDADERO;0;FALSO;g
MP188;PALMITO EN TROZOS;47;MATERIA PRIMA;VERDADERO;0;FALSO;g
MP190;PANCETA AHUMADA;75;MATERIA PRIMA;VERDADERO;0;FALSO;g
MP191;PANKO;60;MATERIA PRIMA;VERDADERO;0;FALSO;g
MP192;PAPA;"5,5";MATERIA PRIMA;VERDADERO;0;FALSO;g
MP193;PASAS DE UVAS NEGRAS;30;MATERIA PRIMA;VERDADERO;0;FALSO;g
MP194;PASAS DE UVAS BLANCAS;51;MATERIA PRIMA;VERDADERO;0;FALSO;g
MP195;PASAS DE UVAS RUBIAS;51;MATERIA PRIMA;VERDADERO;0;FALSO;g
MP196;CEREZAS SECAS;;MATERIA PRIMA;VERDADERO;0;FALSO;g
MP197;PASTA DE DATILES;70;MATERIA PRIMA;VERDADERO;0;FALSO;g
MP198;PASTA DE MACADAMIA;120;MATERIA PRIMA;VERDADERO;0;FALSO;g
MP199;PASTA DE TOMATE;;MATERIA PRIMA;VERDADERO;0;FALSO;g
MP200;PATO;62;MATERIA PRIMA;VERDADERO;0;FALSO;g
MP201;PECETO VACUNO;65;MATERIA PRIMA;VERDADERO;0;FALSO;g
MP202;PECHUGA DE POLLO SIN HUESO;25;MATERIA PRIMA;VERDADERO;0;FALSO;g
MP203;PEPINILLOS;50;MATERIA PRIMA;VERDADERO;0;FALSO;g
MP204;PEPINO;8;MATERIA PRIMA;VERDADERO;0;FALSO;g
MP205;PEPPERONI FRIEDEN;110;MATERIA PRIMA;VERDADERO;0;FALSO;g
MP206;PEPPERONI LA CASONA;130;MATERIA PRIMA;VERDADERO;0;FALSO;g
MP209;PEREJIL SECO;;MATERIA PRIMA;VERDADERO;0;FALSO;g
MP210;PIERNA DE CERDO;35;MATERIA PRIMA;VERDADERO;0;FALSO;g
MP211;PIMENTON DULCE;33;MATERIA PRIMA;VERDADERO;0;FALSO;g
MP212;PIMIENTA CAYENA;125;MATERIA PRIMA;VERDADERO;0;FALSO;g
MP213;PIMIENTA NEGRA EN GRANO;120;MATERIA PRIMA;VERDADERO;0;FALSO;g
MP214;PIMIENTA ROJA;111;MATERIA PRIMA;VERDADERO;0;FALSO;g
MP216;PIÑA EN LATA;"57,5";MATERIA PRIMA;VERDADERO;0;FALSO;g
MP218;PISTACHOS;295;MATERIA PRIMA;VERDADERO;0;FALSO;g
MP219;SALSA HOLANDESA;63;MATERIA PRIMA;VERDADERO;0;FALSO;g
MP220;POLVO PARA HORNEAR;21;MATERIA PRIMA;VERDADERO;0;FALSO;g
MP222;PULPA DE MBURUCUJA;45;MATERIA PRIMA;VERDADERO;0;FALSO;g
MP223;PULPA NEGRA;65;MATERIA PRIMA;VERDADERO;0;FALSO;g
MP226;QUESO CAMEMBERT;70;MATERIA PRIMA;VERDADERO;0;FALSO;g
MP227;QUESO CREMA POLENGUI;80;MATERIA PRIMA;VERDADERO;0;FALSO;g
MP228;QUESO CREMOSO LACTOLANDA;45;MATERIA PRIMA;VERDADERO;0;FALSO;g
MP229;QUESO EMMENTAL;100;MATERIA PRIMA;VERDADERO;0;FALSO;g
MP230;QUESO GRUYERE;85;MATERIA PRIMA;VERDADERO;0;FALSO;g
MP232;QUESO MUZZARELA LACTOLANDA;55;MATERIA PRIMA;VERDADERO;0;FALSO;g
MP234;QUESO PARAGUAY;40;MATERIA PRIMA;VERDADERO;0;FALSO;g
MP237;QUESO PEPATO;80;MATERIA PRIMA;VERDADERO;0;FALSO;g
MP238;QUESO PROVOLONE;70;MATERIA PRIMA;VERDADERO;0;FALSO;g
MP239;QUESO RACLETE;75;MATERIA PRIMA;VERDADERO;0;FALSO;g
MP241;QUESO MORBIER;85;MATERIA PRIMA;VERDADERO;0;FALSO;g
MP242;QUESO MASCARPONE NATURAL;85;MATERIA PRIMA;VERDADERO;0;FALSO;g
MP243;QUESO MASCARPONE PIMIENTA;82;MATERIA PRIMA;VERDADERO;0;FALSO;g
MP244;QUESO MASCARPONE CEBOLLITA;82;MATERIA PRIMA;VERDADERO;0;FALSO;g
MP245;QUESO RICOTTA;25;MATERIA PRIMA;VERDADERO;0;FALSO;g
MP246;QUESO SARDO;80;MATERIA PRIMA;VERDADERO;0;FALSO;g
MP247;QUESO SBRINZ;75;MATERIA PRIMA;VERDADERO;0;FALSO;g
MP249;QUINOA BLANCA;45;MATERIA PRIMA;VERDADERO;0;FALSO;g
MP250;QUINOA EN FLOCOS;60;MATERIA PRIMA;VERDADERO;0;FALSO;g
MP251;QUINOA NEGRA;55;MATERIA PRIMA;VERDADERO;0;FALSO;g
MP252;RABANITO;;MATERIA PRIMA;VERDADERO;0;FALSO;g
MP253;RALLADURA DE NARANJA;;MATERIA PRIMA;VERDADERO;0;FALSO;g
MP254;REMOLACHA;10;MATERIA PRIMA;VERDADERO;0;FALSO;g
MP255;HARINA DE LINO DORADO;;MATERIA PRIMA;VERDADERO;0;FALSO;g
MP256;REPOLLO BLANCO;"5,5";MATERIA PRIMA;VERDADERO;0;FALSO;g
MP257;HIELO;;MATERIA PRIMA;VERDADERO;0;FALSO;g
MP258;REPOLLO MORADO;"9,5";MATERIA PRIMA;VERDADERO;0;FALSO;g
MP261;SAL DEL HIMALAYA;25;MATERIA PRIMA;VERDADERO;0;FALSO;g
MP262;SAL ENTREFINA;"5,5";MATERIA PRIMA;VERDADERO;0;FALSO;g
MP263;SAL FINA;"5,8";MATERIA PRIMA;VERDADERO;0;FALSO;g
MP264;SAL GRUESA;"5,5";MATERIA PRIMA;VERDADERO;0;FALSO;g
MP265;SALAME MILAN;120;MATERIA PRIMA;VERDADERO;0;FALSO;g
MP266;SALAMIN PICADO FINO FRIEDEN;110;MATERIA PRIMA;VERDADERO;0;FALSO;g
MP267;SALAMIN PICADO FINO LA CASONA;130;MATERIA PRIMA;VERDADERO;0;FALSO;g
MP268;SALAMIN PICADO GRUESO FRIEDEN;110;MATERIA PRIMA;VERDADERO;0;FALSO;g
MP269;SALMON AHUMADO;200;MATERIA PRIMA;VERDADERO;0;FALSO;g
MP270;SALSA BARBACOA;29;MATERIA PRIMA;VERDADERO;0;FALSO;g
MP271;SALSA DE TOMATE CONCENTRADO;"12,5";MATERIA PRIMA;VERDADERO;0;FALSO;g
MP273;SEMILLA DE AMAPOLAS;;MATERIA PRIMA;VERDADERO;0;FALSO;g
MP274;SEMILLA DE GIRASOL;30;MATERIA PRIMA;VERDADERO;0;FALSO;g
MP275;SEMILLA DE GIRASOL;29;MATERIA PRIMA;VERDADERO;0;FALSO;g
MP276;SEMILLA DE LINO;25;MATERIA PRIMA;VERDADERO;0;FALSO;g
MP277;SEMILLAS DE CHIA;35;MATERIA PRIMA;VERDADERO;0;FALSO;g
MP278;SEMOLA;27;MATERIA PRIMA;VERDADERO;0;FALSO;g
MP279;SESAMO BLANCO;47;MATERIA PRIMA;VERDADERO;0;FALSO;g
MP280;SESAMO NEGRO;47;MATERIA PRIMA;VERDADERO;0;FALSO;g
MP283;SOLOMILLO DE CORDERO;95;MATERIA PRIMA;VERDADERO;0;FALSO;g
MP284;SPAGHETTI NIDO;13;MATERIA PRIMA;VERDADERO;0;FALSO;g
MP285;SPAGHETTI LARGO ANITA;13;MATERIA PRIMA;VERDADERO;0;FALSO;g
MP286;SURUBI;85;MATERIA PRIMA;VERDADERO;0;FALSO;g
MP287;TE CARQUEJA;80;MATERIA PRIMA;VERDADERO;0;FALSO;g
MP288;TE CIPRES;60;MATERIA PRIMA;VERDADERO;0;FALSO;g
MP289;TE DE HIBISCUS;60;MATERIA PRIMA;VERDADERO;0;FALSO;g
MP290;TE DE LAVANDA;190;MATERIA PRIMA;VERDADERO;0;FALSO;g
MP291;TE DE LIMON SICILIANO;110;MATERIA PRIMA;VERDADERO;0;FALSO;g
MP292;TE DE MENTA;25;MATERIA PRIMA;VERDADERO;0;FALSO;g
MP293;TE NEGRO CEYLAN;;MATERIA PRIMA;VERDADERO;0;FALSO;g
MP294;TE VERDE;44;MATERIA PRIMA;VERDADERO;0;FALSO;g
MP295;TOMAHAWK;78;MATERIA PRIMA;VERDADERO;0;FALSO;g
MP296;TOMATE;10;MATERIA PRIMA;VERDADERO;0;FALSO;g
MP297;TOMATE CHERRY;40;MATERIA PRIMA;VERDADERO;0;FALSO;g
MP298;TOMATE TRITURADO;16;MATERIA PRIMA;VERDADERO;0;FALSO;g
MP300;TOMILLO SECO;60;MATERIA PRIMA;VERDADERO;0;FALSO;g
MP304;AJENJO SECO;;MATERIA PRIMA;VERDADERO;0;FALSO;g
MP313;ZANAHORIA;"7,5";MATERIA PRIMA;VERDADERO;0;FALSO;g
MP314;ZAPALLITOS DE TRONCO;12;MATERIA PRIMA;VERDADERO;0;FALSO;g
MP315;ZAPALLO;5;MATERIA PRIMA;VERDADERO;0;FALSO;g
MP316;ZUCCHINI;12;MATERIA PRIMA;VERDADERO;0;FALSO;g
MP317;"MIX DE SEMILLAS (SESAMO, LINO, GIRASOL, SESAMO NEGRO)";40;MATERIA PRIMA;VERDADERO;0;FALSO;g
MP318;RACK DE CORDERO;105;MATERIA PRIMA;VERDADERO;0;FALSO;g
MP319;FRUTILLA;;MATERIA PRIMA;VERDADERO;0;FALSO;g
MP320;QUESO RALLADO;;MATERIA PRIMA;VERDADERO;0;FALSO;g
MP322;SPAGHETTI ITALIANO;50;MATERIA PRIMA;VERDADERO;0;FALSO;g
MP326;MATCHA;706;MATERIA PRIMA;VERDADERO;0;FALSO;g
MP327;HARINA DE LINAZA DORADA;25;MATERIA PRIMA;VERDADERO;0;FALSO;g
MP329;HONGOS SHIITAKE;135;MATERIA PRIMA;VERDADERO;0;FALSO;g
MP330;HONGOS DE PINO;80;MATERIA PRIMA;VERDADERO;0;FALSO;g
MP331;SAL DE CURA;20;MATERIA PRIMA;VERDADERO;0;FALSO;g
MP334;ALBAHACA SECA;80;MATERIA PRIMA;VERDADERO;0;FALSO;g
MP335;TAHINI;110;MATERIA PRIMA;VERDADERO;0;FALSO;g
MP336;ARANDANOS;85;MATERIA PRIMA;VERDADERO;0;FALSO;g
MP337;QUESO GOUDA;130;MATERIA PRIMA;VERDADERO;0;FALSO;g
MP338;QUESO GOYA;135;MATERIA PRIMA;VERDADERO;0;FALSO;g
MP339;TAPIOCA;30;MATERIA PRIMA;VERDADERO;0;FALSO;g
MP340;CAFE QUINTO TONIN;300;MATERIA PRIMA;VERDADERO;0;FALSO;g
MP341;HARINA DE QUINOA;60;MATERIA PRIMA;VERDADERO;0;FALSO;g
MP345;HARINA DE LINO;20;MATERIA PRIMA;VERDADERO;0;FALSO;g
MP346;CAFE DESCAFEINADO;;MATERIA PRIMA;VERDADERO;0;FALSO;g
MP348;NUTELLA;66;MATERIA PRIMA;VERDADERO;0;FALSO;g
MP224;QUESO AZUL;128;MATERIA PRIMA;VERDADERO;0;FALSO;g
MP225;QUESO BRIE;70;MATERIA PRIMA;VERDADERO;0;FALSO;g
MP231;QUESO MUNSTER;70;MATERIA PRIMA;VERDADERO;0;FALSO;g
MP235;QUESO PARMESANO;100;MATERIA PRIMA;VERDADERO;0;FALSO;g
MP236;QUESO FONTINA;85;MATERIA PRIMA;VERDADERO;0;FALSO;g
MP003;ACEITE DE OLIVA;80;MATERIA PRIMA;VERDADERO;0;FALSO;ml
MP008;ACETO BALSAMICO;60;MATERIA PRIMA;VERDADERO;0;FALSO;ml
MP009;AGUA;"1,2";MATERIA PRIMA;VERDADERO;0;FALSO;ml
MP044;CACHAÇA;35;MATERIA PRIMA;VERDADERO;0;FALSO;ml
MP056;CARAMELO;6;MATERIA PRIMA;VERDADERO;0;FALSO;ml
MP065;CHANTI PACK;35;MATERIA PRIMA;VERDADERO;0;FALSO;ml
MP076;COLORANTE;600;MATERIA PRIMA;VERDADERO;0;FALSO;ml
MP080;CREMA DE LECHE;21;MATERIA PRIMA;VERDADERO;0;FALSO;ml
MP090;EDULCORANTE;70;MATERIA PRIMA;VERDADERO;0;FALSO;ml
MP092;ESENCIA DE AZAHAR;"28,6";MATERIA PRIMA;VERDADERO;0;FALSO;ml
MP093;ESENCIA DE COCO;"16,4";MATERIA PRIMA;VERDADERO;0;FALSO;ml
MP094;ESENCIA DE NARANJA;"18,6";MATERIA PRIMA;VERDADERO;0;FALSO;ml
MP095;ESENCIA DE PANETTONE;"20,6";MATERIA PRIMA;VERDADERO;0;FALSO;ml
MP096;ESENCIA DE VAINILLA;35;MATERIA PRIMA;VERDADERO;0;FALSO;ml
MP112;GIN GORDONS;68;MATERIA PRIMA;VERDADERO;0;FALSO;ml
MP113;GIN PUERTO DE INDIAS;175;MATERIA PRIMA;VERDADERO;0;FALSO;ml
MP114;GIN BOMBAY;145;MATERIA PRIMA;VERDADERO;0;FALSO;ml
MP146;LECHE DESCREMADA;"7,8";MATERIA PRIMA;VERDADERO;0;FALSO;ml
MP147;LECHE NUDE;30;MATERIA PRIMA;VERDADERO;0;FALSO;ml
MP148;LECHE ENTERA;"5,8";MATERIA PRIMA;VERDADERO;0;FALSO;ml
MP149;LECHE SIN LACTOSA;"7,8";MATERIA PRIMA;VERDADERO;0;FALSO;ml
MP171;MIEL;50;MATERIA PRIMA;VERDADERO;0;FALSO;ml
MP217;PISCO;157;MATERIA PRIMA;VERDADERO;0;FALSO;ml
MP240;RON FORTIN SUAVE AÑEJO;31;MATERIA PRIMA;VERDADERO;0;FALSO;ml
MP259;RON BLANCO FORTIN;27;MATERIA PRIMA;VERDADERO;0;FALSO;ml
MP272;SALSA INGLESA;47;MATERIA PRIMA;VERDADERO;0;FALSO;ml
MP301;VERMUT BLANCO;67;MATERIA PRIMA;VERDADERO;0;FALSO;ml
MP302;VERMUT EXTRADRY;80;MATERIA PRIMA;VERDADERO;0;FALSO;ml
MP303;VERMUT ROSSO;67;MATERIA PRIMA;VERDADERO;0;FALSO;ml
MP305;VINAGRE DE LIMON;7;MATERIA PRIMA;VERDADERO;0;FALSO;ml
MP306;VINAGRON;"8,5";MATERIA PRIMA;VERDADERO;0;FALSO;ml
MP307;VINO BLANCO;10;MATERIA PRIMA;VERDADERO;0;FALSO;ml
MP308;VINO BLANCO UVITA;20;MATERIA PRIMA;VERDADERO;0;FALSO;ml
MP309;VINO TINTO UVITA;20;MATERIA PRIMA;VERDADERO;0;FALSO;ml
MP310;VODKA SMIRNOFF;76;MATERIA PRIMA;VERDADERO;0;FALSO;ml
MP311;WHISKY JACK DANIELS;190;MATERIA PRIMA;VERDADERO;0;FALSO;ml
MP312;YOGURT NATURAL;20;MATERIA PRIMA;VERDADERO;0;FALSO;ml
MP321;COLORANTE ROJO;600;MATERIA PRIMA;VERDADERO;0;FALSO;ml
MP323;AGUA CON GAS;;MATERIA PRIMA;VERDADERO;0;FALSO;ml
MP324;ACEITE DE SESAMO;65;MATERIA PRIMA;VERDADERO;0;FALSO;ml
MP325;APEROL;;MATERIA PRIMA;VERDADERO;0;FALSO;ml
MP347;AGUA TONICA;;MATERIA PRIMA;VERDADERO;0;FALSO;ml
MP349;VINAGRE DE ARROZ;;MATERIA PRIMA;VERDADERO;0;FALSO;ml
MP233;QUESO MUZZARELLA;17000;MATERIA PRIMA;VERDADERO;0;FALSO;Unidades
MP006;ACELGA;4000;MATERIA PRIMA;VERDADERO;0;FALSO;Unidades
MP063;CEBOLLITA EN HOJA;2000;MATERIA PRIMA;VERDADERO;0;FALSO;Unidades
MP097;ESPINACA;3000;MATERIA PRIMA;VERDADERO;0;FALSO;Unidades
MP141;KALE;2000;MATERIA PRIMA;VERDADERO;0;FALSO;Unidades
MP142;KOBE;4000;MATERIA PRIMA;VERDADERO;0;FALSO;Unidades
MP143;LAUREL;3000;MATERIA PRIMA;VERDADERO;0;FALSO;Unidades
MP150;LECHUGA HIDROPONICA CRESPA;5000;MATERIA PRIMA;VERDADERO;0;FALSO;Unidades
MP184;OREGANO FRESCO;2000;MATERIA PRIMA;VERDADERO;0;FALSO;Unidades
MP208;PEREJIL;2000;MATERIA PRIMA;VERDADERO;0;FALSO;Unidades
MP221;PUERRO;3000;MATERIA PRIMA;VERDADERO;0;FALSO;Unidades
MP299;TOMILLO FRESCO;3000;MATERIA PRIMA;VERDADERO;0;FALSO;Unidades
MP007;PAN CIABATTA XL;4000;MATERIA PRIMA;VERDADERO;0;FALSO;Unidades
MP010;AGUACATE;5000;MATERIA PRIMA;VERDADERO;0;FALSO;Unidades
MP034;BANANA NACIONAL;1000;MATERIA PRIMA;VERDADERO;0;FALSO;Unidades
MP042;BROTE DE SOJA;800;MATERIA PRIMA;VERDADERO;0;FALSO;Unidades
MP131;HUEVOS;1128;MATERIA PRIMA;VERDADERO;0;FALSO;Unidades
MP164;MANZANA ROJA;4000;MATERIA PRIMA;VERDADERO;0;FALSO;Unidades
MP165;MANZANA VERDE;6500;MATERIA PRIMA;VERDADERO;0;FALSO;Unidades
MP166;MASA MADRE BAGUETTE;3500;MATERIA PRIMA;VERDADERO;0;FALSO;Unidades
MP167;MASA MADRE HOGAZA BLANCO CON SEMILLAS;2000;MATERIA PRIMA;VERDADERO;0;FALSO;Unidades
MP180;NARANJA;2500;MATERIA PRIMA;VERDADERO;0;FALSO;Unidades
MP185;CROISSANT;8000;MATERIA PRIMA;VERDADERO;0;FALSO;Unidades
MP189;PAN ARABE;1800;MATERIA PRIMA;VERDADERO;0;FALSO;Unidades
MP207;PERA;4000;MATERIA PRIMA;VERDADERO;0;FALSO;Unidades
MP215;PIÑA;5000;MATERIA PRIMA;VERDADERO;0;FALSO;Unidades
MP248;QUESO DE CABRA TIPO FETA;15000;MATERIA PRIMA;VERDADERO;0;FALSO;Unidades
MP260;RUCULA HIDROPONICA;1670;MATERIA PRIMA;VERDADERO;0;FALSO;Unidades
MP281;VARENIKI PAPA;833;MATERIA PRIMA;VERDADERO;0;FALSO;Unidades
MP282;VARENIKI RICOTTA;833;MATERIA PRIMA;VERDADERO;0;FALSO;Unidades
MP328;GINGER ALE;;MATERIA PRIMA;VERDADERO;0;FALSO;Unidades
MP332;CLARA;1128;MATERIA PRIMA;VERDADERO;0;FALSO;Unidades
MP333;YEMA;1128;MATERIA PRIMA;VERDADERO;0;FALSO;Unidades
MP342;PAN PITA OVEJA NEGRA;2500;MATERIA PRIMA;VERDADERO;0;FALSO;Unidades
MP343;PAN CIABATTA OVEJA NEGRA;4000;MATERIA PRIMA;VERDADERO;0;FALSO;Unidades
MP344;PAN BAGUETIN MASA MADRE OVEJA NEGRA;4000;MATERIA PRIMA;VERDADERO;0;FALSO;Unidades
MP016;ALBAHACA FRESCA;5000;MATERIA PRIMA;VERDADERO;0;FALSO;Unidades
MP022;APIO;4000;MATERIA PRIMA;VERDADERO;0;FALSO;Unidades
