"id","name","tax_ids/tax_src_id","tax_ids/tax_dest_id","account_ids/account_src_id","account_ids/account_dest_id"
"afp_py_dgonge","Compras - destinadas a generar operaciones no gravadas o exentas","OTAX_10","","",""
"afp_py_fprfp","Compras - Facturas de proveedores registrados fuera de plazo","OTAX_10","","",""
"afp_py_gr","Compras - Gastos rechazados","OTAX_10","","",""
"afp_py_egr","Compras - Entregas gratuitas (premios, bonificaciones, etc.) recibidos","OTAX_10","","cross_account_41002","cross_account_406"
"afp_py_co","Compras - Otros","OTAX_10","","",""
"afp_py_caf","Compras - Activo Fijo","OTAX_10","","cross_account_41001","cross_account_1020301"
"afp_py_ce","Compras - Exentas","OTAX_10","","cross_account_41001","cross_account_41002"
"afp_py_cs","Compras - Supermercado","ITAX_10","","cross_account_41001","cross_account_4100103"
"afp_py_ve","Ventas - Exentas","ITAX_10","","cross_account_3010101","cross_account_3010102"
